,mean,std
0,92.42976428898825,1.7284750238063458
1,164.961008395001,2.1788610169329363
