,mean,std
0,3777.839997341655,3.506741273090091
